epidemiological_week,date,order_for_place,state,city,city_ibge_code,place_type,last_available_confirmed,last_available_confirmed_per_100k_inhabitants,new_confirmed,last_available_deaths,new_deaths,last_available_death_rate,estimated_population,is_last,is_repeated
202213,2022-03-27,717,RO,Ariquemes,1100023,city,22657,20686.97899,0,497,0,0.0219,109523,False,True
202212,2022-03-26,716,RO,Ariquemes,1100023,city,22657,20686.97899,0,497,0,0.0219,109523,False,True
202212,2022-03-25,715,RO,Ariquemes,1100023,city,22657,20686.97899,0,497,0,0.0219,109523,False,True
202212,2022-03-24,714,RO,Ariquemes,1100023,city,22657,20686.97899,0,497,0,0.0219,109523,False,True
202212,2022-03-23,713,RO,Ariquemes,1100023,city,22657,20686.97899,0,497,0,0.0219,109523,False,True
202212,2022-03-22,712,RO,Ariquemes,1100023,city,22657,20686.97899,0,497,0,0.0219,109523,False,True
202212,2022-03-21,711,RO,Ariquemes,1100023,city,22657,20686.97899,0,497,0,0.0219,109523,False,True
202212,2022-03-20,710,RO,Ariquemes,1100023,city,22657,20686.97899,0,497,0,0.0219,109523,False,True
202211,2022-03-19,709,RO,Ariquemes,1100023,city,22657,20686.97899,0,497,0,0.0219,109523,False,True
202211,2022-03-18,708,RO,Ariquemes,1100023,city,22657,20686.97899,0,497,0,0.0219,109523,False,True
202211,2022-03-17,707,RO,Ariquemes,1100023,city,22657,20686.97899,0,497,0,0.0219,109523,False,True
202211,2022-03-16,706,RO,Ariquemes,1100023,city,22657,20686.97899,0,497,0,0.0219,109523,False,True
202211,2022-03-15,705,RO,Ariquemes,1100023,city,22657,20686.97899,0,497,0,0.0219,109523,False,True
202211,2022-03-14,704,RO,Ariquemes,1100023,city,22657,20686.97899,0,497,0,0.0219,109523,False,True
202211,2022-03-13,703,RO,Ariquemes,1100023,city,22657,20686.97899,0,497,0,0.0219,109523,False,True
202210,2022-03-12,702,RO,Ariquemes,1100023,city,22657,20686.97899,0,497,0,0.0219,109523,False,True
202210,2022-03-11,701,RO,Ariquemes,1100023,city,22657,20686.97899,0,497,0,0.0219,109523,False,True
202210,2022-03-10,700,RO,Ariquemes,1100023,city,22657,20686.97899,0,497,0,0.0219,109523,False,True
202210,2022-03-09,699,RO,Ariquemes,1100023,city,22657,20686.97899,0,497,0,0.0219,109523,False,True
202210,2022-03-08,698,RO,Ariquemes,1100023,city,22657,20686.97899,0,497,0,0.0219,109523,False,True
202210,2022-03-07,697,RO,Ariquemes,1100023,city,22657,20686.97899,0,497,0,0.0219,109523,False,True
202210,2022-03-06,696,RO,Ariquemes,1100023,city,22657,20686.97899,0,497,0,0.0219,109523,False,True
202209,2022-03-05,695,RO,Ariquemes,1100023,city,22657,20686.97899,0,497,0,0.0219,109523,False,True
202209,2022-03-04,694,RO,Ariquemes,1100023,city,22657,20686.97899,0,497,0,0.0219,109523,False,True
202209,2022-03-03,693,RO,Ariquemes,1100023,city,22657,20686.97899,0,497,0,0.0219,109523,False,True
202209,2022-03-02,692,RO,Ariquemes,1100023,city,22657,20686.97899,0,497,0,0.0219,109523,False,True
202209,2022-03-01,691,RO,Ariquemes,1100023,city,22657,20686.97899,0,497,0,0.0219,109523,False,True
202209,2022-02-28,690,RO,Ariquemes,1100023,city,22657,20686.97899,0,497,0,0.0219,109523,False,True
202209,2022-02-27,689,RO,Ariquemes,1100023,city,22657,20686.97899,0,497,0,0.0219,109523,False,True
202208,2022-02-26,688,RO,Ariquemes,1100023,city,22657,20686.97899,0,497,0,0.0219,109523,False,True
202208,2022-02-25,687,RO,Ariquemes,1100023,city,22657,20686.97899,0,497,0,0.0219,109523,False,True
202208,2022-02-24,686,RO,Ariquemes,1100023,city,22657,20686.97899,0,497,0,0.0219,109523,False,True
202208,2022-02-23,685,RO,Ariquemes,1100023,city,22657,20686.97899,0,497,0,0.0219,109523,False,True
202208,2022-02-22,684,RO,Ariquemes,1100023,city,22657,20686.97899,0,497,0,0.0219,109523,False,True
202208,2022-02-21,683,RO,Ariquemes,1100023,city,22657,20686.97899,0,497,0,0.0219,109523,False,True
202208,2022-02-20,682,RO,Ariquemes,1100023,city,22657,20686.97899,0,497,0,0.0219,109523,False,True
202207,2022-02-19,681,RO,Ariquemes,1100023,city,22657,20686.97899,0,497,0,0.0219,109523,False,True
202207,2022-02-18,680,RO,Ariquemes,1100023,city,22657,20686.97899,0,497,0,0.0219,109523,False,True
202207,2022-02-17,679,RO,Ariquemes,1100023,city,22657,20686.97899,0,497,0,0.0219,109523,False,True
202207,2022-02-16,678,RO,Ariquemes,1100023,city,22657,20686.97899,0,497,0,0.0219,109523,False,True
202207,2022-02-15,677,RO,Ariquemes,1100023,city,22657,20686.97899,0,497,0,0.0219,109523,False,True
202207,2022-02-14,676,RO,Ariquemes,1100023,city,22657,20686.97899,0,497,0,0.0219,109523,False,True
202207,2022-02-13,675,RO,Ariquemes,1100023,city,22657,20686.97899,0,497,0,0.0219,109523,False,True
202206,2022-02-12,674,RO,Ariquemes,1100023,city,22657,20686.97899,0,497,0,0.0219,109523,False,True
202206,2022-02-11,673,RO,Ariquemes,1100023,city,22657,20686.97899,0,497,0,0.0219,109523,False,True
202206,2022-02-10,672,RO,Ariquemes,1100023,city,22657,20686.97899,0,497,0,0.0219,109523,False,True
202206,2022-02-09,671,RO,Ariquemes,1100023,city,22657,20686.97899,0,497,0,0.0219,109523,False,True
202206,2022-02-08,670,RO,Ariquemes,1100023,city,22657,20686.97899,0,497,0,0.0219,109523,False,True
202206,2022-02-07,669,RO,Ariquemes,1100023,city,22657,20686.97899,0,497,0,0.0219,109523,False,True
202206,2022-02-06,668,RO,Ariquemes,1100023,city,22657,20686.97899,0,497,0,0.0219,109523,False,True
202205,2022-02-05,667,RO,Ariquemes,1100023,city,22657,20686.97899,0,497,0,0.0219,109523,False,True
202205,2022-02-04,666,RO,Ariquemes,1100023,city,22657,20686.97899,0,497,0,0.0219,109523,False,True
202205,2022-02-03,665,RO,Ariquemes,1100023,city,22657,20686.97899,0,497,0,0.0219,109523,False,True
202205,2022-02-02,664,RO,Ariquemes,1100023,city,22657,20686.97899,0,497,0,0.0219,109523,False,True
202205,2022-02-01,663,RO,Ariquemes,1100023,city,22657,20686.97899,0,497,0,0.0219,109523,False,True
202205,2022-01-31,662,RO,Ariquemes,1100023,city,22657,20686.97899,0,497,0,0.0219,109523,False,True
202205,2022-01-30,661,RO,Ariquemes,1100023,city,22657,20686.97899,0,497,0,0.0219,109523,False,True
202204,2022-01-29,660,RO,Ariquemes,1100023,city,22657,20686.97899,0,497,0,0.0219,109523,False,True
202204,2022-01-28,659,RO,Ariquemes,1100023,city,22657,20686.97899,0,497,0,0.0219,109523,False,True
202204,2022-01-27,658,RO,Ariquemes,1100023,city,22657,20686.97899,0,497,0,0.0219,109523,False,True
202204,2022-01-26,657,RO,Ariquemes,1100023,city,22657,20686.97899,0,497,0,0.0219,109523,False,True
202204,2022-01-25,656,RO,Ariquemes,1100023,city,22657,20686.97899,0,497,0,0.0219,109523,False,True
202204,2022-01-24,655,RO,Ariquemes,1100023,city,22657,20686.97899,0,497,0,0.0219,109523,False,True
202204,2022-01-23,654,RO,Ariquemes,1100023,city,22657,20686.97899,0,497,0,0.0219,109523,False,True
202203,2022-01-22,653,RO,Ariquemes,1100023,city,22657,20686.97899,0,497,0,0.0219,109523,False,True
202203,2022-01-21,652,RO,Ariquemes,1100023,city,22657,20686.97899,0,497,0,0.0219,109523,False,True
202203,2022-01-20,651,RO,Ariquemes,1100023,city,22657,20686.97899,0,497,0,0.0219,109523,False,True
202203,2022-01-19,650,RO,Ariquemes,1100023,city,22657,20686.97899,0,497,0,0.0219,109523,False,True
202203,2022-01-18,649,RO,Ariquemes,1100023,city,22657,20686.97899,0,497,0,0.0219,109523,False,True
202203,2022-01-17,648,RO,Ariquemes,1100023,city,22657,20686.97899,0,497,0,0.0219,109523,False,True
202203,2022-01-16,647,RO,Ariquemes,1100023,city,22657,20686.97899,0,497,0,0.0219,109523,False,True
202202,2022-01-15,646,RO,Ariquemes,1100023,city,22657,20686.97899,0,497,0,0.0219,109523,False,True
202202,2022-01-14,645,RO,Ariquemes,1100023,city,22657,20686.97899,0,497,0,0.0219,109523,False,True
202202,2022-01-13,644,RO,Ariquemes,1100023,city,22657,20686.97899,0,497,0,0.0219,109523,False,True
202202,2022-01-12,643,RO,Ariquemes,1100023,city,22657,20686.97899,0,497,0,0.0219,109523,False,True
202202,2022-01-11,642,RO,Ariquemes,1100023,city,22657,20686.97899,0,497,0,0.0219,109523,False,True
202202,2022-01-10,641,RO,Ariquemes,1100023,city,22657,20686.97899,0,497,0,0.0219,109523,False,True
202202,2022-01-09,640,RO,Ariquemes,1100023,city,22657,20686.97899,0,497,0,0.0219,109523,False,True
202201,2022-01-08,639,RO,Ariquemes,1100023,city,22657,20686.97899,0,497,0,0.0219,109523,False,True
202201,2022-01-07,638,RO,Ariquemes,1100023,city,22657,20686.97899,0,497,0,0.0219,109523,False,True
202201,2022-01-06,637,RO,Ariquemes,1100023,city,22657,20686.97899,0,497,0,0.0219,109523,False,True
202201,2022-01-05,636,RO,Ariquemes,1100023,city,22657,20686.97899,0,497,0,0.0219,109523,False,True
202201,2022-01-04,635,RO,Ariquemes,1100023,city,22657,20686.97899,0,497,0,0.0219,109523,False,True
202201,2022-01-03,634,RO,Ariquemes,1100023,city,22657,20686.97899,0,497,0,0.0219,109523,False,True
202201,2022-01-02,633,RO,Ariquemes,1100023,city,22657,20686.97899,0,497,0,0.0219,109523,False,True
202152,2022-01-01,632,RO,Ariquemes,1100023,city,22657,20686.97899,0,497,0,0.0219,109523,False,True
202152,2021-12-31,631,RO,Ariquemes,1100023,city,22657,20686.97899,0,497,0,0.0219,109523,False,True
202152,2021-12-30,630,RO,Ariquemes,1100023,city,22657,20686.97899,0,497,0,0.0219,109523,False,True
202152,2021-12-29,629,RO,Ariquemes,1100023,city,22657,20686.97899,0,497,0,0.0219,109523,False,True
202152,2021-12-28,628,RO,Ariquemes,1100023,city,22657,20686.97899,0,497,0,0.0219,109523,False,True
202152,2021-12-27,627,RO,Ariquemes,1100023,city,22657,20686.97899,0,497,0,0.0219,109523,False,True
202152,2021-12-26,626,RO,Ariquemes,1100023,city,22657,20686.97899,0,497,0,0.0219,109523,False,True
202151,2021-12-25,625,RO,Ariquemes,1100023,city,22657,20686.97899,0,497,0,0.0219,109523,False,True
202151,2021-12-24,624,RO,Ariquemes,1100023,city,22657,20686.97899,0,497,0,0.0219,109523,False,True
202151,2021-12-23,623,RO,Ariquemes,1100023,city,22657,20686.97899,0,497,0,0.0219,109523,False,True
202151,2021-12-22,622,RO,Ariquemes,1100023,city,22657,20686.97899,0,497,0,0.0219,109523,False,True
202151,2021-12-21,621,RO,Ariquemes,1100023,city,22657,20686.97899,0,497,0,0.0219,109523,False,True
202151,2021-12-20,620,RO,Ariquemes,1100023,city,22657,20686.97899,0,497,0,0.0219,109523,False,True
202151,2021-12-19,619,RO,Ariquemes,1100023,city,22657,20686.97899,0,497,0,0.0219,109523,False,True
202150,2021-12-18,618,RO,Ariquemes,1100023,city,22657,20686.97899,0,497,0,0.0219,109523,False,True
202150,2021-12-17,617,RO,Ariquemes,1100023,city,22657,20686.97899,0,497,0,0.0219,109523,False,True
202150,2021-12-16,616,RO,Ariquemes,1100023,city,22657,20686.97899,0,497,0,0.0219,109523,False,True
202150,2021-12-15,615,RO,Ariquemes,1100023,city,22657,20686.97899,0,497,0,0.0219,109523,False,True
202150,2021-12-14,614,RO,Ariquemes,1100023,city,22657,20686.97899,0,497,0,0.0219,109523,False,True
202150,2021-12-13,613,RO,Ariquemes,1100023,city,22657,20686.97899,0,497,0,0.0219,109523,False,True
202150,2021-12-12,612,RO,Ariquemes,1100023,city,22657,20686.97899,0,497,0,0.0219,109523,False,True
202149,2021-12-11,611,RO,Ariquemes,1100023,city,22657,20686.97899,0,497,0,0.0219,109523,False,True
202149,2021-12-10,610,RO,Ariquemes,1100023,city,22657,20686.97899,0,497,0,0.0219,109523,False,True
202149,2021-12-09,609,RO,Ariquemes,1100023,city,22657,20686.97899,0,497,0,0.0219,109523,False,True
202149,2021-12-08,608,RO,Ariquemes,1100023,city,22657,20686.97899,0,497,0,0.0219,109523,False,True
202149,2021-12-07,607,RO,Ariquemes,1100023,city,22657,20686.97899,0,497,0,0.0219,109523,False,True
202149,2021-12-06,606,RO,Ariquemes,1100023,city,22657,20686.97899,0,497,0,0.0219,109523,False,True
202149,2021-12-05,605,RO,Ariquemes,1100023,city,22657,20686.97899,0,497,0,0.0219,109523,False,True
202148,2021-12-04,604,RO,Ariquemes,1100023,city,22657,20686.97899,0,497,0,0.0219,109523,False,True
202148,2021-12-03,603,RO,Ariquemes,1100023,city,22657,20686.97899,0,497,0,0.0219,109523,False,True
202148,2021-12-02,602,RO,Ariquemes,1100023,city,22657,20686.97899,0,497,0,0.0219,109523,False,True
202148,2021-12-01,601,RO,Ariquemes,1100023,city,22657,20686.97899,0,497,0,0.0219,109523,False,True
202148,2021-11-30,600,RO,Ariquemes,1100023,city,22657,20686.97899,0,497,0,0.0219,109523,False,True
202148,2021-11-29,599,RO,Ariquemes,1100023,city,22657,20686.97899,0,497,0,0.0219,109523,False,True
202148,2021-11-28,598,RO,Ariquemes,1100023,city,22657,20686.97899,0,497,0,0.0219,109523,False,True
202147,2021-11-27,597,RO,Ariquemes,1100023,city,22657,20686.97899,0,497,0,0.0219,109523,False,True
202147,2021-11-26,596,RO,Ariquemes,1100023,city,22657,20686.97899,0,497,0,0.0219,109523,False,True
202147,2021-11-25,595,RO,Ariquemes,1100023,city,22657,20686.97899,0,497,0,0.0219,109523,False,True
202147,2021-11-24,594,RO,Ariquemes,1100023,city,22657,20686.97899,0,497,0,0.0219,109523,False,True
202147,2021-11-23,593,RO,Ariquemes,1100023,city,22657,20686.97899,0,497,0,0.0219,109523,False,True
202147,2021-11-22,592,RO,Ariquemes,1100023,city,22657,20686.97899,0,497,0,0.0219,109523,False,True
202147,2021-11-21,591,RO,Ariquemes,1100023,city,22657,20686.97899,0,497,0,0.0219,109523,False,True
202146,2021-11-20,590,RO,Ariquemes,1100023,city,22657,20686.97899,0,497,0,0.0219,109523,False,True
202146,2021-11-19,589,RO,Ariquemes,1100023,city,22657,20686.97899,0,497,0,0.0219,109523,False,True
202146,2021-11-18,588,RO,Ariquemes,1100023,city,22657,20686.97899,0,497,0,0.0219,109523,False,True
202146,2021-11-17,587,RO,Ariquemes,1100023,city,22657,20686.97899,0,497,0,0.0219,109523,False,True
202146,2021-11-16,586,RO,Ariquemes,1100023,city,22657,20686.97899,0,497,0,0.0219,109523,False,True
202146,2021-11-15,585,RO,Ariquemes,1100023,city,22657,20686.97899,0,497,0,0.0219,109523,False,True
202146,2021-11-14,584,RO,Ariquemes,1100023,city,22657,20686.97899,0,497,0,0.0219,109523,False,True
202145,2021-11-13,583,RO,Ariquemes,1100023,city,22657,20686.97899,0,497,0,0.0219,109523,False,True
202145,2021-11-12,582,RO,Ariquemes,1100023,city,22657,20686.97899,0,497,0,0.0219,109523,False,True
202145,2021-11-11,581,RO,Ariquemes,1100023,city,22657,20686.97899,0,497,0,0.0219,109523,False,True
202145,2021-11-10,580,RO,Ariquemes,1100023,city,22657,20686.97899,0,497,0,0.0219,109523,False,True
202145,2021-11-09,579,RO,Ariquemes,1100023,city,22657,20686.97899,0,497,0,0.0219,109523,False,True
202145,2021-11-08,578,RO,Ariquemes,1100023,city,22657,20686.97899,0,497,0,0.0219,109523,False,True
202145,2021-11-07,577,RO,Ariquemes,1100023,city,22657,20686.97899,0,497,0,0.0219,109523,False,True
202144,2021-11-06,576,RO,Ariquemes,1100023,city,22657,20686.97899,0,497,0,0.0219,109523,False,True
202144,2021-11-05,575,RO,Ariquemes,1100023,city,22657,20686.97899,0,497,0,0.0219,109523,False,True
202144,2021-11-04,574,RO,Ariquemes,1100023,city,22657,20686.97899,0,497,0,0.0219,109523,False,True
202144,2021-11-03,573,RO,Ariquemes,1100023,city,22657,20686.97899,0,497,0,0.0219,109523,False,True
202144,2021-11-02,572,RO,Ariquemes,1100023,city,22657,20686.97899,0,497,0,0.0219,109523,False,True
202144,2021-11-01,571,RO,Ariquemes,1100023,city,22657,20686.97899,0,497,0,0.0219,109523,False,True
202144,2021-10-31,570,RO,Ariquemes,1100023,city,22657,20686.97899,0,497,0,0.0219,109523,False,True
202143,2021-10-30,569,RO,Ariquemes,1100023,city,22657,20686.97899,0,497,0,0.0219,109523,False,True
202143,2021-10-29,568,RO,Ariquemes,1100023,city,22657,20686.97899,0,497,0,0.0219,109523,False,True
202143,2021-10-28,567,RO,Ariquemes,1100023,city,22657,20686.97899,0,497,0,0.0219,109523,False,True
202143,2021-10-27,566,RO,Ariquemes,1100023,city,22657,20686.97899,0,497,0,0.0219,109523,False,True
202143,2021-10-26,565,RO,Ariquemes,1100023,city,22657,20686.97899,0,497,0,0.0219,109523,False,True
202143,2021-10-25,564,RO,Ariquemes,1100023,city,22657,20686.97899,0,497,0,0.0219,109523,False,True
202143,2021-10-24,563,RO,Ariquemes,1100023,city,22657,20686.97899,0,497,0,0.0219,109523,False,True
202142,2021-10-23,562,RO,Ariquemes,1100023,city,22657,20686.97899,0,497,0,0.0219,109523,False,True
202142,2021-10-22,561,RO,Ariquemes,1100023,city,22657,20686.97899,0,497,0,0.0219,109523,False,True
202142,2021-10-21,560,RO,Ariquemes,1100023,city,22657,20686.97899,0,497,0,0.0219,109523,False,True
202142,2021-10-20,559,RO,Ariquemes,1100023,city,22657,20686.97899,0,497,0,0.0219,109523,False,True
202142,2021-10-19,558,RO,Ariquemes,1100023,city,22657,20686.97899,0,497,0,0.0219,109523,False,True
202142,2021-10-18,557,RO,Ariquemes,1100023,city,22657,20686.97899,0,497,0,0.0219,109523,False,True
202142,2021-10-17,556,RO,Ariquemes,1100023,city,22657,20686.97899,0,497,0,0.0219,109523,False,True
202141,2021-10-16,555,RO,Ariquemes,1100023,city,22657,20686.97899,0,497,0,0.0219,109523,False,True
202141,2021-10-15,554,RO,Ariquemes,1100023,city,22657,20686.97899,0,497,0,0.0219,109523,False,True
202141,2021-10-14,553,RO,Ariquemes,1100023,city,22657,20686.97899,0,497,0,0.0219,109523,False,True
202141,2021-10-13,552,RO,Ariquemes,1100023,city,22657,20686.97899,0,497,0,0.0219,109523,False,True
202141,2021-10-12,551,RO,Ariquemes,1100023,city,22657,20686.97899,0,497,0,0.0219,109523,False,True
202141,2021-10-11,550,RO,Ariquemes,1100023,city,22657,20686.97899,0,497,0,0.0219,109523,False,True
202141,2021-10-10,549,RO,Ariquemes,1100023,city,22657,20686.97899,0,497,0,0.0219,109523,False,True
202140,2021-10-09,548,RO,Ariquemes,1100023,city,22657,20686.97899,0,497,0,0.0219,109523,False,True
202140,2021-10-08,547,RO,Ariquemes,1100023,city,22657,20686.97899,0,497,0,0.0219,109523,False,True
202140,2021-10-07,546,RO,Ariquemes,1100023,city,22657,20686.97899,0,497,0,0.0219,109523,False,True
202140,2021-10-06,545,RO,Ariquemes,1100023,city,22657,20686.97899,0,497,0,0.0219,109523,False,True
202140,2021-10-05,544,RO,Ariquemes,1100023,city,22657,20686.97899,0,497,0,0.0219,109523,False,True
202140,2021-10-04,543,RO,Ariquemes,1100023,city,22657,20686.97899,0,497,0,0.0219,109523,False,True
202140,2021-10-03,542,RO,Ariquemes,1100023,city,22657,20686.97899,0,497,0,0.0219,109523,False,True
202139,2021-10-02,541,RO,Ariquemes,1100023,city,22657,20686.97899,0,497,0,0.0219,109523,False,True
202139,2021-10-01,540,RO,Ariquemes,1100023,city,22657,20686.97899,0,497,0,0.0219,109523,False,True
202139,2021-09-30,539,RO,Ariquemes,1100023,city,22657,20686.97899,1,497,0,0.0219,109523,True,False
202139,2021-09-29,538,RO,Ariquemes,1100023,city,22656,20686.06594,9,497,0,0.0219,109523,False,False
202139,2021-09-28,537,RO,Ariquemes,1100023,city,22647,20677.84849,0,497,0,0.0219,109523,False,True
202139,2021-09-27,536,RO,Ariquemes,1100023,city,22647,20677.84849,0,497,0,0.0219,109523,False,True
202139,2021-09-26,535,RO,Ariquemes,1100023,city,22647,20677.84849,0,497,0,0.0219,109523,False,True
202138,2021-09-25,534,RO,Ariquemes,1100023,city,22647,20677.84849,0,497,0,0.0219,109523,False,True
202138,2021-09-24,533,RO,Ariquemes,1100023,city,22647,20677.84849,16,497,0,0.0219,109523,False,False
202138,2021-09-23,532,RO,Ariquemes,1100023,city,22631,20663.23968,0,497,0,0.022,109523,False,True
202138,2021-09-22,531,RO,Ariquemes,1100023,city,22631,20663.23968,0,497,0,0.022,109523,False,True
202138,2021-09-21,530,RO,Ariquemes,1100023,city,22631,20663.23968,0,497,0,0.022,109523,False,True
202138,2021-09-20,529,RO,Ariquemes,1100023,city,22631,20663.23968,0,497,0,0.022,109523,False,True
202138,2021-09-19,528,RO,Ariquemes,1100023,city,22631,20663.23968,0,497,0,0.022,109523,False,True
202137,2021-09-18,527,RO,Ariquemes,1100023,city,22631,20663.23968,87,497,3,0.022,109523,False,False
202137,2021-09-17,526,RO,Ariquemes,1100023,city,22544,20583.80432,0,494,0,0.0219,109523,False,True
202137,2021-09-16,525,RO,Ariquemes,1100023,city,22544,20583.80432,0,494,0,0.0219,109523,False,True
202137,2021-09-15,524,RO,Ariquemes,1100023,city,22544,20583.80432,0,494,0,0.0219,109523,False,True
202137,2021-09-14,523,RO,Ariquemes,1100023,city,22544,20583.80432,0,494,0,0.0219,109523,False,True
202137,2021-09-13,522,RO,Ariquemes,1100023,city,22544,20583.80432,0,494,0,0.0219,109523,False,True
202137,2021-09-12,521,RO,Ariquemes,1100023,city,22544,20583.80432,0,494,0,0.0219,109523,False,True
202136,2021-09-11,520,RO,Ariquemes,1100023,city,22544,20583.80432,0,494,0,0.0219,109523,False,True
202136,2021-09-10,519,RO,Ariquemes,1100023,city,22544,20583.80432,0,494,0,0.0219,109523,False,True
202136,2021-09-09,518,RO,Ariquemes,1100023,city,22544,20583.80432,0,494,0,0.0219,109523,False,True
202136,2021-09-08,517,RO,Ariquemes,1100023,city,22544,20583.80432,0,494,0,0.0219,109523,False,True
202136,2021-09-07,516,RO,Ariquemes,1100023,city,22544,20583.80432,0,494,0,0.0219,109523,False,True
202136,2021-09-06,515,RO,Ariquemes,1100023,city,22544,20583.80432,0,494,0,0.0219,109523,False,True
202136,2021-09-05,514,RO,Ariquemes,1100023,city,22544,20583.80432,0,494,0,0.0219,109523,False,False
202135,2021-09-04,513,RO,Ariquemes,1100023,city,22544,20583.80432,-1,494,0,0.0219,109523,False,False
202135,2021-09-03,512,RO,Ariquemes,1100023,city,22545,20584.71737,14,494,0,0.0219,109523,False,False
202135,2021-09-02,511,RO,Ariquemes,1100023,city,22531,20571.93466,15,494,0,0.0219,109523,False,False
202135,2021-09-01,510,RO,Ariquemes,1100023,city,22516,20558.23891,5,494,0,0.0219,109523,False,False
202135,2021-08-31,509,RO,Ariquemes,1100023,city,22511,20553.67366,3,494,0,0.0219,109523,False,False
202135,2021-08-30,508,RO,Ariquemes,1100023,city,22508,20550.93451,7,494,0,0.0219,109523,False,False
202135,2021-08-29,507,RO,Ariquemes,1100023,city,22501,20544.54316,0,494,0,0.022,109523,False,False
202134,2021-08-28,506,RO,Ariquemes,1100023,city,22501,20544.54316,5,494,0,0.022,109523,False,False
202134,2021-08-27,505,RO,Ariquemes,1100023,city,22496,20539.9779,0,494,0,0.022,109523,False,False
202134,2021-08-26,504,RO,Ariquemes,1100023,city,22496,20539.9779,3,494,0,0.022,109523,False,False
202134,2021-08-25,503,RO,Ariquemes,1100023,city,22493,20537.23875,3,494,1,0.022,109523,False,False
202134,2021-08-24,502,RO,Ariquemes,1100023,city,22490,20534.4996,13,493,0,0.0219,109523,False,False
202134,2021-08-23,501,RO,Ariquemes,1100023,city,22477,20522.62995,19,493,0,0.0219,109523,False,False
202134,2021-08-22,500,RO,Ariquemes,1100023,city,22458,20505.282,0,493,0,0.022,109523,False,False
202133,2021-08-21,499,RO,Ariquemes,1100023,city,22458,20505.282,-1,493,0,0.022,109523,False,False
202133,2021-08-20,498,RO,Ariquemes,1100023,city,22459,20506.19505,18,493,0,0.022,109523,False,False
202133,2021-08-19,497,RO,Ariquemes,1100023,city,22441,20489.76014,0,493,0,0.022,109523,False,True
202133,2021-08-18,496,RO,Ariquemes,1100023,city,22441,20489.76014,17,493,0,0.022,109523,False,False
202133,2021-08-17,495,RO,Ariquemes,1100023,city,22424,20474.23829,18,493,2,0.022,109523,False,False
202133,2021-08-16,494,RO,Ariquemes,1100023,city,22406,20457.80338,15,491,0,0.0219,109523,False,False
202133,2021-08-15,493,RO,Ariquemes,1100023,city,22391,20444.10763,0,491,0,0.0219,109523,False,False
202132,2021-08-14,492,RO,Ariquemes,1100023,city,22391,20444.10763,0,491,0,0.0219,109523,False,False
202132,2021-08-13,491,RO,Ariquemes,1100023,city,22391,20444.10763,7,491,1,0.0219,109523,False,False
202132,2021-08-12,490,RO,Ariquemes,1100023,city,22384,20437.71628,6,490,0,0.0219,109523,False,False
202132,2021-08-11,489,RO,Ariquemes,1100023,city,22378,20432.23798,9,490,1,0.0219,109523,False,False
202132,2021-08-10,488,RO,Ariquemes,1100023,city,22369,20424.02053,15,489,0,0.0219,109523,False,False
202132,2021-08-09,487,RO,Ariquemes,1100023,city,22354,20410.32477,29,489,1,0.0219,109523,False,False
202132,2021-08-08,486,RO,Ariquemes,1100023,city,22325,20383.84632,0,488,0,0.0219,109523,False,False
202131,2021-08-07,485,RO,Ariquemes,1100023,city,22325,20383.84632,2,488,0,0.0219,109523,False,False
202131,2021-08-06,484,RO,Ariquemes,1100023,city,22323,20382.02021,8,488,3,0.0219,109523,False,False
202131,2021-08-05,483,RO,Ariquemes,1100023,city,22315,20374.71581,18,485,0,0.0217,109523,False,False
202131,2021-08-04,482,RO,Ariquemes,1100023,city,22297,20358.28091,0,485,0,0.0218,109523,False,False
202131,2021-08-03,481,RO,Ariquemes,1100023,city,22297,20358.28091,132,485,5,0.0218,109523,False,False
202131,2021-08-02,480,RO,Ariquemes,1100023,city,22165,20237.75828,0,480,0,0.0217,109523,False,True
202131,2021-08-01,479,RO,Ariquemes,1100023,city,22165,20237.75828,0,480,0,0.0217,109523,False,True
202130,2021-07-31,478,RO,Ariquemes,1100023,city,22165,20237.75828,0,480,0,0.0217,109523,False,True
202130,2021-07-30,477,RO,Ariquemes,1100023,city,22165,20237.75828,0,480,0,0.0217,109523,False,True
202130,2021-07-29,476,RO,Ariquemes,1100023,city,22165,20237.75828,0,480,0,0.0217,109523,False,True
202130,2021-07-28,475,RO,Ariquemes,1100023,city,22165,20237.75828,0,480,0,0.0217,109523,False,True
202130,2021-07-27,474,RO,Ariquemes,1100023,city,22165,20237.75828,0,480,0,0.0217,109523,False,True
202130,2021-07-26,473,RO,Ariquemes,1100023,city,22165,20237.75828,0,480,0,0.0217,109523,False,True
202130,2021-07-25,472,RO,Ariquemes,1100023,city,22165,20237.75828,0,480,0,0.0217,109523,False,True
202129,2021-07-24,471,RO,Ariquemes,1100023,city,22165,20237.75828,1,480,2,0.0217,109523,False,False
202129,2021-07-23,470,RO,Ariquemes,1100023,city,22164,20236.84523,4,478,0,0.0216,109523,False,False
202129,2021-07-22,469,RO,Ariquemes,1100023,city,22160,20233.19303,17,478,0,0.0216,109523,False,False
202129,2021-07-21,468,RO,Ariquemes,1100023,city,22143,20217.67117,27,478,2,0.0216,109523,False,False
202129,2021-07-20,467,RO,Ariquemes,1100023,city,22116,20193.01882,18,476,0,0.0215,109523,False,False
202129,2021-07-19,466,RO,Ariquemes,1100023,city,22098,20176.58391,20,476,0,0.0215,109523,False,False
202129,2021-07-18,465,RO,Ariquemes,1100023,city,22078,20158.32291,0,476,1,0.0216,109523,False,False
202128,2021-07-17,464,RO,Ariquemes,1100023,city,22078,20158.32291,-1,475,0,0.0215,109523,False,False
202128,2021-07-16,463,RO,Ariquemes,1100023,city,22079,20159.23596,17,475,0,0.0215,109523,False,False
202128,2021-07-15,462,RO,Ariquemes,1100023,city,22062,20143.71411,20,475,0,0.0215,109523,False,False
202128,2021-07-14,461,RO,Ariquemes,1100023,city,22042,20125.4531,29,475,0,0.0215,109523,False,False
202128,2021-07-13,460,RO,Ariquemes,1100023,city,22013,20098.97464,62,475,0,0.0216,109523,False,False
202128,2021-07-12,459,RO,Ariquemes,1100023,city,21951,20042.36553,30,475,1,0.0216,109523,False,False
202128,2021-07-11,458,RO,Ariquemes,1100023,city,21921,20014.97402,0,474,0,0.0216,109523,False,False
202127,2021-07-10,457,RO,Ariquemes,1100023,city,21921,20014.97402,0,474,3,0.0216,109523,False,False
202127,2021-07-09,456,RO,Ariquemes,1100023,city,21921,20014.97402,24,471,1,0.0215,109523,False,False
202127,2021-07-08,455,RO,Ariquemes,1100023,city,21897,19993.06082,22,470,2,0.0215,109523,False,False
202127,2021-07-07,454,RO,Ariquemes,1100023,city,21875,19972.97371,30,468,0,0.0214,109523,False,False
202127,2021-07-06,453,RO,Ariquemes,1100023,city,21845,19945.58221,27,468,0,0.0214,109523,False,False
202127,2021-07-05,452,RO,Ariquemes,1100023,city,21818,19920.92985,23,468,2,0.0215,109523,False,False
202127,2021-07-04,451,RO,Ariquemes,1100023,city,21795,19899.9297,15,466,0,0.0214,109523,False,False
202126,2021-07-03,450,RO,Ariquemes,1100023,city,21780,19886.23394,34,466,0,0.0214,109523,False,False
202126,2021-07-02,449,RO,Ariquemes,1100023,city,21746,19855.19023,62,466,2,0.0214,109523,False,False
202126,2021-07-01,448,RO,Ariquemes,1100023,city,21684,19798.58112,45,464,1,0.0214,109523,False,False
202126,2021-06-30,447,RO,Ariquemes,1100023,city,21639,19757.49386,40,463,0,0.0214,109523,False,False
202126,2021-06-29,446,RO,Ariquemes,1100023,city,21599,19720.97185,-1,463,2,0.0214,109523,False,False
202126,2021-06-28,445,RO,Ariquemes,1100023,city,21600,19721.8849,97,461,0,0.0213,109523,False,False
202126,2021-06-27,444,RO,Ariquemes,1100023,city,21503,19633.31903,1,461,0,0.0214,109523,False,False
202125,2021-06-26,443,RO,Ariquemes,1100023,city,21502,19632.40598,27,461,-1,0.0214,109523,False,False
202125,2021-06-25,442,RO,Ariquemes,1100023,city,21475,19607.75362,52,462,1,0.0215,109523,False,False
202125,2021-06-24,441,RO,Ariquemes,1100023,city,21423,19560.27501,81,461,3,0.0215,109523,False,False
202125,2021-06-23,440,RO,Ariquemes,1100023,city,21342,19486.31794,1,458,0,0.0215,109523,False,False
202125,2021-06-22,439,RO,Ariquemes,1100023,city,21341,19485.40489,71,458,0,0.0215,109523,False,False
202125,2021-06-21,438,RO,Ariquemes,1100023,city,21270,19420.57833,35,458,2,0.0215,109523,False,False
202125,2021-06-20,437,RO,Ariquemes,1100023,city,21235,19388.62157,0,456,0,0.0215,109523,False,False
202124,2021-06-19,436,RO,Ariquemes,1100023,city,21235,19388.62157,24,456,0,0.0215,109523,False,False
202124,2021-06-18,435,RO,Ariquemes,1100023,city,21211,19366.70836,103,456,0,0.0215,109523,False,False
202124,2021-06-17,434,RO,Ariquemes,1100023,city,21108,19272.66419,77,456,1,0.0216,109523,False,False
202124,2021-06-16,433,RO,Ariquemes,1100023,city,21031,19202.35932,29,455,1,0.0216,109523,False,False
202124,2021-06-15,432,RO,Ariquemes,1100023,city,21002,19175.88087,168,454,0,0.0216,109523,False,False
202124,2021-06-14,431,RO,Ariquemes,1100023,city,20834,19022.48843,90,454,3,0.0218,109523,False,False
202124,2021-06-13,430,RO,Ariquemes,1100023,city,20744,18940.31391,0,451,1,0.0217,109523,False,False
202123,2021-06-12,429,RO,Ariquemes,1100023,city,20744,18940.31391,162,450,0,0.0217,109523,False,False
202123,2021-06-11,428,RO,Ariquemes,1100023,city,20582,18792.39977,30,450,0,0.0219,109523,False,False
202123,2021-06-10,427,RO,Ariquemes,1100023,city,20552,18765.00826,49,450,2,0.0219,109523,False,False
202123,2021-06-09,426,RO,Ariquemes,1100023,city,20503,18720.2688,228,448,1,0.0219,109523,False,False
202123,2021-06-08,425,RO,Ariquemes,1100023,city,20275,18512.09335,0,447,0,0.022,109523,False,False
202123,2021-06-07,424,RO,Ariquemes,1100023,city,20275,18512.09335,-1,447,1,0.022,109523,False,False
202123,2021-06-06,423,RO,Ariquemes,1100023,city,20276,18513.0064,0,446,0,0.022,109523,False,False
202122,2021-06-05,422,RO,Ariquemes,1100023,city,20276,18513.0064,-4,446,2,0.022,109523,False,False
202122,2021-06-04,421,RO,Ariquemes,1100023,city,20280,18516.6586,99,444,5,0.0219,109523,False,False
202122,2021-06-03,420,RO,Ariquemes,1100023,city,20181,18426.26663,0,439,0,0.0218,109523,False,True
202122,2021-06-02,419,RO,Ariquemes,1100023,city,20181,18426.26663,86,439,0,0.0218,109523,False,False
202122,2021-06-01,418,RO,Ariquemes,1100023,city,20095,18347.74431,137,439,2,0.0218,109523,False,False
202122,2021-05-31,417,RO,Ariquemes,1100023,city,19958,18222.65643,24,437,2,0.0219,109523,False,False
202122,2021-05-30,416,RO,Ariquemes,1100023,city,19934,18200.74322,1,435,0,0.0218,109523,False,False
202121,2021-05-29,415,RO,Ariquemes,1100023,city,19933,18199.83017,186,435,3,0.0218,109523,False,False
202121,2021-05-28,414,RO,Ariquemes,1100023,city,19747,18030.00283,8,432,2,0.0219,109523,False,False
202121,2021-05-27,413,RO,Ariquemes,1100023,city,19739,18022.69843,0,430,0,0.0218,109523,False,False
202121,2021-05-26,412,RO,Ariquemes,1100023,city,19739,18022.69843,70,430,0,0.0218,109523,False,False
202121,2021-05-25,411,RO,Ariquemes,1100023,city,19669,17958.78491,61,430,3,0.0219,109523,False,False
202121,2021-05-24,410,RO,Ariquemes,1100023,city,19608,17903.08885,139,427,1,0.0218,109523,False,False
202121,2021-05-23,409,RO,Ariquemes,1100023,city,19469,17776.17487,2,426,2,0.0219,109523,False,False
202120,2021-05-22,408,RO,Ariquemes,1100023,city,19467,17774.34877,37,424,3,0.0218,109523,False,False
202120,2021-05-21,407,RO,Ariquemes,1100023,city,19430,17740.56591,71,421,4,0.0217,109523,False,False
202120,2021-05-20,406,RO,Ariquemes,1100023,city,19359,17675.73934,76,417,2,0.0215,109523,False,False
202120,2021-05-19,405,RO,Ariquemes,1100023,city,19283,17606.34753,81,415,1,0.0215,109523,False,False
202120,2021-05-18,404,RO,Ariquemes,1100023,city,19202,17532.39046,93,414,0,0.0216,109523,False,False
202120,2021-05-17,403,RO,Ariquemes,1100023,city,19109,17447.47679,31,414,1,0.0217,109523,False,False
202120,2021-05-16,402,RO,Ariquemes,1100023,city,19078,17419.17223,0,413,0,0.0216,109523,False,False
202119,2021-05-15,401,RO,Ariquemes,1100023,city,19078,17419.17223,103,413,0,0.0216,109523,False,False
202119,2021-05-14,400,RO,Ariquemes,1100023,city,18975,17325.12806,2,413,1,0.0218,109523,False,False
202119,2021-05-13,399,RO,Ariquemes,1100023,city,18973,17323.30195,75,412,4,0.0217,109523,False,False
202119,2021-05-12,398,RO,Ariquemes,1100023,city,18898,17254.82319,42,408,0,0.0216,109523,False,False
202119,2021-05-11,397,RO,Ariquemes,1100023,city,18856,17216.47508,67,408,0,0.0216,109523,False,False
202119,2021-05-10,396,RO,Ariquemes,1100023,city,18789,17155.30071,71,408,2,0.0217,109523,False,False
202119,2021-05-09,395,RO,Ariquemes,1100023,city,18718,17090.47415,0,406,3,0.0217,109523,False,False
202118,2021-05-08,394,RO,Ariquemes,1100023,city,18718,17090.47415,0,403,0,0.0215,109523,False,False
202118,2021-05-07,393,RO,Ariquemes,1100023,city,18718,17090.47415,131,403,1,0.0215,109523,False,False
202118,2021-05-06,392,RO,Ariquemes,1100023,city,18587,16970.86457,21,402,1,0.0216,109523,False,False
202118,2021-05-05,391,RO,Ariquemes,1100023,city,18566,16951.69051,30,401,1,0.0216,109523,False,False
202118,2021-05-04,390,RO,Ariquemes,1100023,city,18536,16924.29901,126,400,0,0.0216,109523,False,False
202118,2021-05-03,389,RO,Ariquemes,1100023,city,18410,16809.25468,23,400,1,0.0217,109523,False,False
202118,2021-05-02,388,RO,Ariquemes,1100023,city,18387,16788.25452,0,399,3,0.0217,109523,False,False
202117,2021-05-01,387,RO,Ariquemes,1100023,city,18387,16788.25452,143,396,4,0.0215,109523,False,False
202117,2021-04-30,386,RO,Ariquemes,1100023,city,18244,16657.68834,0,392,0,0.0215,109523,False,True
202117,2021-04-29,385,RO,Ariquemes,1100023,city,18244,16657.68834,75,392,2,0.0215,109523,False,False
202117,2021-04-28,384,RO,Ariquemes,1100023,city,18169,16589.20957,33,390,2,0.0215,109523,False,False
202117,2021-04-27,383,RO,Ariquemes,1100023,city,18136,16559.07891,70,388,2,0.0214,109523,False,False
202117,2021-04-26,382,RO,Ariquemes,1100023,city,18066,16495.1654,74,386,1,0.0214,109523,False,False
202117,2021-04-25,381,RO,Ariquemes,1100023,city,17992,16427.59968,-2,385,2,0.0214,109523,False,False
202116,2021-04-24,380,RO,Ariquemes,1100023,city,17994,16429.42578,49,383,0,0.0213,109523,False,False
202116,2021-04-23,379,RO,Ariquemes,1100023,city,17945,16384.68632,23,383,0,0.0213,109523,False,False
202116,2021-04-22,378,RO,Ariquemes,1100023,city,17922,16363.68617,56,383,1,0.0214,109523,False,False
202116,2021-04-21,377,RO,Ariquemes,1100023,city,17866,16312.55535,121,382,1,0.0214,109523,False,False
202116,2021-04-20,376,RO,Ariquemes,1100023,city,17745,16202.07628,28,381,5,0.0215,109523,False,False
202116,2021-04-19,375,RO,Ariquemes,1100023,city,17717,16176.51087,-21,376,1,0.0212,109523,False,False
202116,2021-04-18,374,RO,Ariquemes,1100023,city,17738,16195.68492,176,375,2,0.0211,109523,False,False
202115,2021-04-17,373,RO,Ariquemes,1100023,city,17562,16034.98808,5,373,3,0.0212,109523,False,False
202115,2021-04-16,372,RO,Ariquemes,1100023,city,17557,16030.42283,46,370,0,0.0211,109523,False,False
202115,2021-04-15,371,RO,Ariquemes,1100023,city,17511,15988.42252,209,370,1,0.0211,109523,False,False
202115,2021-04-14,370,RO,Ariquemes,1100023,city,17302,15797.59503,17,369,2,0.0213,109523,False,False
202115,2021-04-13,369,RO,Ariquemes,1100023,city,17285,15782.07317,165,367,4,0.0212,109523,False,False
202115,2021-04-12,368,RO,Ariquemes,1100023,city,17120,15631.41988,143,363,1,0.0212,109523,False,False
202115,2021-04-11,367,RO,Ariquemes,1100023,city,16977,15500.8537,83,362,6,0.0213,109523,False,False
202114,2021-04-10,366,RO,Ariquemes,1100023,city,16894,15425.07053,40,356,9,0.0211,109523,False,False
202114,2021-04-09,365,RO,Ariquemes,1100023,city,16854,15388.54852,103,347,4,0.0206,109523,False,False
202114,2021-04-08,364,RO,Ariquemes,1100023,city,16751,15294.50435,42,343,2,0.0205,109523,False,False
202114,2021-04-07,363,RO,Ariquemes,1100023,city,16709,15256.15624,60,341,4,0.0204,109523,False,False
202114,2021-04-06,362,RO,Ariquemes,1100023,city,16649,15201.37323,92,337,0,0.0202,109523,False,False
202114,2021-04-05,361,RO,Ariquemes,1100023,city,16557,15117.37261,3,337,4,0.0204,109523,False,False
202114,2021-04-04,360,RO,Ariquemes,1100023,city,16554,15114.63346,39,333,1,0.0201,109523,False,False
202113,2021-04-03,359,RO,Ariquemes,1100023,city,16515,15079.0245,116,332,2,0.0201,109523,False,False
202113,2021-04-02,358,RO,Ariquemes,1100023,city,16399,14973.11067,211,330,1,0.0201,109523,False,False
202113,2021-04-01,357,RO,Ariquemes,1100023,city,16188,14780.45707,215,329,4,0.0203,109523,False,False
202113,2021-03-31,356,RO,Ariquemes,1100023,city,15973,14584.15127,430,325,1,0.0203,109523,False,False
202113,2021-03-30,355,RO,Ariquemes,1100023,city,15543,14191.53968,6,324,8,0.0208,109523,False,False
202113,2021-03-29,354,RO,Ariquemes,1100023,city,15537,14186.06138,5,316,5,0.0203,109523,False,False
202113,2021-03-28,353,RO,Ariquemes,1100023,city,15532,14181.49612,27,311,2,0.02,109523,False,False
202112,2021-03-27,352,RO,Ariquemes,1100023,city,15505,14156.84377,71,309,8,0.0199,109523,False,False
202112,2021-03-26,351,RO,Ariquemes,1100023,city,15434,14092.0172,340,301,6,0.0195,109523,False,False
202112,2021-03-25,350,RO,Ariquemes,1100023,city,15094,13781.58012,84,295,3,0.0195,109523,False,False
202112,2021-03-24,349,RO,Ariquemes,1100023,city,15010,13704.88391,55,292,5,0.0195,109523,False,False
202112,2021-03-23,348,RO,Ariquemes,1100023,city,14955,13654.66614,154,287,5,0.0192,109523,False,False
202112,2021-03-22,347,RO,Ariquemes,1100023,city,14801,13514.05641,1,282,2,0.0191,109523,False,False
202112,2021-03-21,346,RO,Ariquemes,1100023,city,14800,13513.14336,333,280,2,0.0189,109523,False,False
202111,2021-03-20,345,RO,Ariquemes,1100023,city,14467,13209.09763,81,278,3,0.0192,109523,False,False
202111,2021-03-19,344,RO,Ariquemes,1100023,city,14386,13135.14056,16,275,0,0.0191,109523,False,False
202111,2021-03-18,343,RO,Ariquemes,1100023,city,14370,13120.53176,72,275,9,0.0191,109523,False,False
202111,2021-03-17,342,RO,Ariquemes,1100023,city,14298,13054.79214,132,266,11,0.0186,109523,False,False
202111,2021-03-16,341,RO,Ariquemes,1100023,city,14166,12934.26951,0,255,0,0.018,109523,False,True
202111,2021-03-15,340,RO,Ariquemes,1100023,city,14166,12934.26951,204,255,4,0.018,109523,False,False
202111,2021-03-14,339,RO,Ariquemes,1100023,city,13962,12748.00727,35,251,2,0.018,109523,False,False
202110,2021-03-13,338,RO,Ariquemes,1100023,city,13927,12716.05051,-1,249,6,0.0179,109523,False,False
202110,2021-03-12,337,RO,Ariquemes,1100023,city,13928,12716.96356,356,243,3,0.0174,109523,False,False
202110,2021-03-11,336,RO,Ariquemes,1100023,city,13572,12391.91768,0,240,0,0.0177,109523,False,True
202110,2021-03-10,335,RO,Ariquemes,1100023,city,13572,12391.91768,181,240,5,0.0177,109523,False,False
202110,2021-03-09,334,RO,Ariquemes,1100023,city,13391,12226.65559,103,235,2,0.0175,109523,False,False
202110,2021-03-08,333,RO,Ariquemes,1100023,city,13288,12132.61141,52,233,0,0.0175,109523,False,False
202110,2021-03-07,332,RO,Ariquemes,1100023,city,13236,12085.1328,153,233,3,0.0176,109523,False,False
202109,2021-03-06,331,RO,Ariquemes,1100023,city,13083,11945.43612,157,230,3,0.0176,109523,False,False
202109,2021-03-05,330,RO,Ariquemes,1100023,city,12926,11802.08723,251,227,4,0.0176,109523,False,False
202109,2021-03-04,329,RO,Ariquemes,1100023,city,12675,11572.91163,0,223,0,0.0176,109523,False,True
202109,2021-03-03,328,RO,Ariquemes,1100023,city,12675,11572.91163,101,223,1,0.0176,109523,False,False
202109,2021-03-02,327,RO,Ariquemes,1100023,city,12574,11480.69355,165,222,3,0.0177,109523,False,False
202109,2021-03-01,326,RO,Ariquemes,1100023,city,12409,11330.04027,23,219,3,0.0176,109523,False,False
202109,2021-02-28,325,RO,Ariquemes,1100023,city,12386,11309.04011,73,216,2,0.0174,109523,False,False
202108,2021-02-27,324,RO,Ariquemes,1100023,city,12313,11242.38744,13,214,2,0.0174,109523,False,False
202108,2021-02-26,323,RO,Ariquemes,1100023,city,12300,11230.51779,171,212,2,0.0172,109523,False,False
202108,2021-02-25,322,RO,Ariquemes,1100023,city,12129,11074.3862,132,210,-4,0.0173,109523,False,False
202108,2021-02-24,321,RO,Ariquemes,1100023,city,11997,10953.86357,151,214,4,0.0178,109523,False,False
202108,2021-02-23,320,RO,Ariquemes,1100023,city,11846,10815.99299,197,210,0,0.0177,109523,False,False
202108,2021-02-22,319,RO,Ariquemes,1100023,city,11649,10636.12209,43,210,2,0.018,109523,False,False
202108,2021-02-21,318,RO,Ariquemes,1100023,city,11606,10596.86093,121,208,1,0.0179,109523,False,False
202107,2021-02-20,317,RO,Ariquemes,1100023,city,11485,10486.38186,6,207,2,0.018,109523,False,False
202107,2021-02-19,316,RO,Ariquemes,1100023,city,11479,10480.90355,34,205,0,0.0179,109523,False,False
202107,2021-02-18,315,RO,Ariquemes,1100023,city,11445,10449.85985,170,205,1,0.0179,109523,False,False
202107,2021-02-17,314,RO,Ariquemes,1100023,city,11275,10294.64131,89,204,4,0.0181,109523,False,False
202107,2021-02-16,313,RO,Ariquemes,1100023,city,11186,10213.37984,1,200,0,0.0179,109523,False,False
202107,2021-02-15,312,RO,Ariquemes,1100023,city,11185,10212.46679,0,200,0,0.0179,109523,False,False
202107,2021-02-14,311,RO,Ariquemes,1100023,city,11185,10212.46679,131,200,4,0.0179,109523,False,False
202106,2021-02-13,310,RO,Ariquemes,1100023,city,11054,10092.85721,-3,196,0,0.0177,109523,False,False
202106,2021-02-12,309,RO,Ariquemes,1100023,city,11057,10095.59636,107,196,1,0.0177,109523,False,False
202106,2021-02-11,308,RO,Ariquemes,1100023,city,10950,9997.89998,23,195,2,0.0178,109523,False,False
202106,2021-02-10,307,RO,Ariquemes,1100023,city,10927,9976.89983,82,193,0,0.0177,109523,False,False
202106,2021-02-09,306,RO,Ariquemes,1100023,city,10845,9902.02971,110,193,0,0.0178,109523,False,False
202106,2021-02-08,305,RO,Ariquemes,1100023,city,10735,9801.59419,35,193,3,0.018,109523,False,False
202106,2021-02-07,304,RO,Ariquemes,1100023,city,10700,9769.63743,119,190,-1,0.0178,109523,False,False
202105,2021-02-06,303,RO,Ariquemes,1100023,city,10581,9660.98445,97,191,2,0.0181,109523,False,False
202105,2021-02-05,302,RO,Ariquemes,1100023,city,10484,9572.41858,0,189,0,0.018,109523,False,True
202105,2021-02-04,301,RO,Ariquemes,1100023,city,10484,9572.41858,59,189,1,0.018,109523,False,False
202105,2021-02-03,300,RO,Ariquemes,1100023,city,10425,9518.54862,94,188,0,0.018,109523,False,False
202105,2021-02-02,299,RO,Ariquemes,1100023,city,10331,9432.72189,104,188,2,0.0182,109523,False,False
202105,2021-02-01,298,RO,Ariquemes,1100023,city,10227,9337.76467,0,186,1,0.0182,109523,False,False
202105,2021-01-31,297,RO,Ariquemes,1100023,city,10227,9337.76467,175,185,6,0.0181,109523,False,False
202104,2021-01-30,296,RO,Ariquemes,1100023,city,10052,9177.98088,27,179,1,0.0178,109523,False,False
202104,2021-01-29,295,RO,Ariquemes,1100023,city,10025,9153.32852,170,178,6,0.0178,109523,False,False
202104,2021-01-28,294,RO,Ariquemes,1100023,city,9855,8998.10999,44,172,1,0.0175,109523,False,False
202104,2021-01-27,293,RO,Ariquemes,1100023,city,9811,8957.93578,157,171,0,0.0174,109523,False,False
202104,2021-01-26,292,RO,Ariquemes,1100023,city,9654,8814.58689,0,171,2,0.0177,109523,False,False
202104,2021-01-25,291,RO,Ariquemes,1100023,city,9654,8814.58689,7,169,0,0.0175,109523,False,False
202104,2021-01-24,290,RO,Ariquemes,1100023,city,9647,8808.19554,186,169,2,0.0175,109523,False,False
202103,2021-01-23,289,RO,Ariquemes,1100023,city,9461,8638.3682,12,167,2,0.0177,109523,False,False
202103,2021-01-22,288,RO,Ariquemes,1100023,city,9449,8627.41159,167,165,1,0.0175,109523,False,False
202103,2021-01-21,287,RO,Ariquemes,1100023,city,9282,8474.93221,146,164,0,0.0177,109523,False,False
202103,2021-01-20,286,RO,Ariquemes,1100023,city,9136,8341.62687,75,164,0,0.018,109523,False,False
202103,2021-01-19,285,RO,Ariquemes,1100023,city,9061,8273.14811,9,164,1,0.0181,109523,False,False
202103,2021-01-18,284,RO,Ariquemes,1100023,city,9052,8264.93065,42,163,3,0.018,109523,False,False
202103,2021-01-17,283,RO,Ariquemes,1100023,city,9010,8226.58254,73,160,1,0.0178,109523,False,False
202102,2021-01-16,282,RO,Ariquemes,1100023,city,8937,8159.92988,82,159,1,0.0178,109523,False,False
202102,2021-01-15,281,RO,Ariquemes,1100023,city,8855,8085.05976,170,158,1,0.0178,109523,False,False
202102,2021-01-14,280,RO,Ariquemes,1100023,city,8685,7929.84122,106,157,3,0.0181,109523,False,False
202102,2021-01-13,279,RO,Ariquemes,1100023,city,8579,7833.0579,0,154,0,0.018,109523,False,True
202102,2021-01-12,278,RO,Ariquemes,1100023,city,8579,7833.0579,107,154,0,0.018,109523,False,False
202102,2021-01-11,277,RO,Ariquemes,1100023,city,8472,7735.36152,42,154,0,0.0182,109523,False,False
202102,2021-01-10,276,RO,Ariquemes,1100023,city,8430,7697.01341,107,154,1,0.0183,109523,False,False
202101,2021-01-09,275,RO,Ariquemes,1100023,city,8323,7599.31704,29,153,1,0.0184,109523,False,False
202101,2021-01-08,274,RO,Ariquemes,1100023,city,8294,7572.83858,69,152,1,0.0183,109523,False,False
202101,2021-01-07,273,RO,Ariquemes,1100023,city,8225,7509.83812,42,151,3,0.0184,109523,False,False
202101,2021-01-06,272,RO,Ariquemes,1100023,city,8183,7471.49001,97,148,2,0.0181,109523,False,False
202101,2021-01-05,271,RO,Ariquemes,1100023,city,8086,7382.92413,54,146,3,0.0181,109523,False,False
202101,2021-01-04,270,RO,Ariquemes,1100023,city,8032,7333.61942,10,143,2,0.0178,109523,False,False
202101,2021-01-03,269,RO,Ariquemes,1100023,city,8022,7324.48892,91,141,4,0.0176,109523,False,False
202053,2021-01-02,268,RO,Ariquemes,1100023,city,7931,7241.40135,13,137,0,0.0173,109523,False,False
202053,2021-01-01,267,RO,Ariquemes,1100023,city,7918,7229.5317,48,137,3,0.0173,109523,False,False
202053,2020-12-31,266,RO,Ariquemes,1100023,city,7870,7185.70529,82,134,1,0.017,109523,False,False
202053,2020-12-30,265,RO,Ariquemes,1100023,city,7788,7110.83517,124,133,8,0.0171,109523,False,False
202053,2020-12-29,264,RO,Ariquemes,1100023,city,7664,6997.61694,0,125,0,0.0163,109523,False,True
202053,2020-12-28,263,RO,Ariquemes,1100023,city,7664,6997.61694,141,125,1,0.0163,109523,False,False
202053,2020-12-27,262,RO,Ariquemes,1100023,city,7523,6868.87686,0,124,0,0.0165,109523,False,True
202052,2020-12-26,261,RO,Ariquemes,1100023,city,7523,6868.87686,15,124,0,0.0165,109523,False,False
202052,2020-12-25,260,RO,Ariquemes,1100023,city,7508,6855.1811,51,124,1,0.0165,109523,False,False
202052,2020-12-24,259,RO,Ariquemes,1100023,city,7457,6808.61554,81,123,1,0.0165,109523,False,False
202052,2020-12-23,258,RO,Ariquemes,1100023,city,7376,6734.65847,52,122,0,0.0165,109523,False,False
202052,2020-12-22,257,RO,Ariquemes,1100023,city,7324,6687.17986,83,122,0,0.0167,109523,False,False
202052,2020-12-21,256,RO,Ariquemes,1100023,city,7241,6611.39669,106,122,0,0.0168,109523,False,False
202052,2020-12-20,255,RO,Ariquemes,1100023,city,7135,6514.61337,49,122,0,0.0171,109523,False,False
202051,2020-12-19,254,RO,Ariquemes,1100023,city,7086,6469.87391,15,122,1,0.0172,109523,False,False
202051,2020-12-18,253,RO,Ariquemes,1100023,city,7071,6456.17815,74,121,1,0.0171,109523,False,False
202051,2020-12-17,252,RO,Ariquemes,1100023,city,6997,6388.61244,35,120,1,0.0172,109523,False,False
202051,2020-12-16,251,RO,Ariquemes,1100023,city,6962,6356.65568,102,119,2,0.0171,109523,False,False
202051,2020-12-15,250,RO,Ariquemes,1100023,city,6860,6263.52456,40,117,0,0.0171,109523,False,False
202051,2020-12-14,249,RO,Ariquemes,1100023,city,6820,6227.00255,20,117,0,0.0172,109523,False,False
202051,2020-12-13,248,RO,Ariquemes,1100023,city,6800,6208.74154,40,117,3,0.0172,109523,False,False
202050,2020-12-12,247,RO,Ariquemes,1100023,city,6760,6172.21953,0,114,0,0.0169,109523,False,True
202050,2020-12-11,246,RO,Ariquemes,1100023,city,6760,6172.21953,56,114,0,0.0169,109523,False,False
202050,2020-12-10,245,RO,Ariquemes,1100023,city,6704,6121.08872,0,114,0,0.017,109523,False,True
202050,2020-12-09,244,RO,Ariquemes,1100023,city,6704,6121.08872,39,114,2,0.017,109523,False,False
202050,2020-12-08,243,RO,Ariquemes,1100023,city,6665,6085.47976,66,112,0,0.0168,109523,False,False
202050,2020-12-07,242,RO,Ariquemes,1100023,city,6599,6025.21845,42,112,0,0.017,109523,False,False
202050,2020-12-06,241,RO,Ariquemes,1100023,city,6557,5986.87034,44,112,1,0.0171,109523,False,False
202049,2020-12-05,240,RO,Ariquemes,1100023,city,6513,5946.69613,3,111,0,0.017,109523,False,False
202049,2020-12-04,239,RO,Ariquemes,1100023,city,6510,5943.95698,35,111,0,0.0171,109523,False,False
202049,2020-12-03,238,RO,Ariquemes,1100023,city,6475,5912.00022,41,111,0,0.0171,109523,False,False
202049,2020-12-02,237,RO,Ariquemes,1100023,city,6434,5874.56516,36,111,2,0.0173,109523,False,False
202049,2020-12-01,236,RO,Ariquemes,1100023,city,6398,5841.69535,27,109,1,0.017,109523,False,False
202049,2020-11-30,235,RO,Ariquemes,1100023,city,6371,5817.043,26,108,0,0.017,109523,False,False
202049,2020-11-29,234,RO,Ariquemes,1100023,city,6345,5793.30369,65,108,2,0.017,109523,False,False
202048,2020-11-28,233,RO,Ariquemes,1100023,city,6280,5733.95542,0,106,0,0.0169,109523,False,True
202048,2020-11-27,232,RO,Ariquemes,1100023,city,6280,5733.95542,0,106,0,0.0169,109523,False,True
202048,2020-11-26,231,RO,Ariquemes,1100023,city,6280,5733.95542,39,106,0,0.0169,109523,False,False
202048,2020-11-25,230,RO,Ariquemes,1100023,city,6241,5698.34647,2,106,1,0.017,109523,False,False
202048,2020-11-24,229,RO,Ariquemes,1100023,city,6239,5696.52037,45,105,0,0.0168,109523,False,False
202048,2020-11-23,228,RO,Ariquemes,1100023,city,6194,5655.43311,0,105,1,0.017,109523,False,False
202048,2020-11-22,227,RO,Ariquemes,1100023,city,6194,5655.43311,33,104,1,0.0168,109523,False,False
202047,2020-11-21,226,RO,Ariquemes,1100023,city,6161,5625.30245,8,103,1,0.0167,109523,False,False
202047,2020-11-20,225,RO,Ariquemes,1100023,city,6153,5617.99805,20,102,0,0.0166,109523,False,False
202047,2020-11-19,224,RO,Ariquemes,1100023,city,6133,5599.73704,10,102,0,0.0166,109523,False,False
202047,2020-11-18,223,RO,Ariquemes,1100023,city,6123,5590.60654,18,102,0,0.0167,109523,False,False
202047,2020-11-17,222,RO,Ariquemes,1100023,city,6105,5574.17164,16,102,0,0.0167,109523,False,False
202047,2020-11-16,221,RO,Ariquemes,1100023,city,6089,5559.56283,9,102,1,0.0168,109523,False,False
202047,2020-11-15,220,RO,Ariquemes,1100023,city,6080,5551.34538,9,101,0,0.0166,109523,False,False
202046,2020-11-14,219,RO,Ariquemes,1100023,city,6071,5543.12793,25,101,0,0.0166,109523,False,False
202046,2020-11-13,218,RO,Ariquemes,1100023,city,6046,5520.30167,19,101,0,0.0167,109523,False,False
202046,2020-11-12,217,RO,Ariquemes,1100023,city,6027,5502.95372,18,101,0,0.0168,109523,False,False
202046,2020-11-11,216,RO,Ariquemes,1100023,city,6009,5486.51881,18,101,0,0.0168,109523,False,False
202046,2020-11-10,215,RO,Ariquemes,1100023,city,5991,5470.08391,29,101,1,0.0169,109523,False,False
202046,2020-11-09,214,RO,Ariquemes,1100023,city,5962,5443.60545,16,100,0,0.0168,109523,False,False
202046,2020-11-08,213,RO,Ariquemes,1100023,city,5946,5428.99665,92,100,0,0.0168,109523,False,False
202045,2020-11-07,212,RO,Ariquemes,1100023,city,5854,5344.99603,0,100,0,0.0171,109523,False,True
202045,2020-11-06,211,RO,Ariquemes,1100023,city,5854,5344.99603,0,100,0,0.0171,109523,False,True
202045,2020-11-05,210,RO,Ariquemes,1100023,city,5854,5344.99603,0,100,0,0.0171,109523,False,True
202045,2020-11-04,209,RO,Ariquemes,1100023,city,5854,5344.99603,0,100,0,0.0171,109523,False,True
202045,2020-11-03,208,RO,Ariquemes,1100023,city,5854,5344.99603,12,100,1,0.0171,109523,False,False
202045,2020-11-02,207,RO,Ariquemes,1100023,city,5842,5334.03943,2,99,0,0.0169,109523,False,False
202045,2020-11-01,206,RO,Ariquemes,1100023,city,5840,5332.21333,9,99,0,0.017,109523,False,False
202044,2020-10-31,205,RO,Ariquemes,1100023,city,5831,5323.99587,6,99,1,0.017,109523,False,False
202044,2020-10-30,204,RO,Ariquemes,1100023,city,5825,5318.51757,15,98,0,0.0168,109523,False,False
202044,2020-10-29,203,RO,Ariquemes,1100023,city,5810,5304.82182,20,98,0,0.0169,109523,False,False
202044,2020-10-28,202,RO,Ariquemes,1100023,city,5790,5286.56081,32,98,0,0.0169,109523,False,False
202044,2020-10-27,201,RO,Ariquemes,1100023,city,5758,5257.34321,14,98,0,0.017,109523,False,False
202044,2020-10-26,200,RO,Ariquemes,1100023,city,5744,5244.5605,23,98,2,0.0171,109523,False,False
202044,2020-10-25,199,RO,Ariquemes,1100023,city,5721,5223.56035,2,96,0,0.0168,109523,False,False
202043,2020-10-24,198,RO,Ariquemes,1100023,city,5719,5221.73425,46,96,1,0.0168,109523,False,False
202043,2020-10-23,197,RO,Ariquemes,1100023,city,5673,5179.73394,0,95,0,0.0167,109523,False,True
202043,2020-10-22,196,RO,Ariquemes,1100023,city,5673,5179.73394,0,95,0,0.0167,109523,False,True
202043,2020-10-21,195,RO,Ariquemes,1100023,city,5673,5179.73394,18,95,0,0.0167,109523,False,False
202043,2020-10-20,194,RO,Ariquemes,1100023,city,5655,5163.29903,0,95,0,0.0168,109523,False,True
202043,2020-10-19,193,RO,Ariquemes,1100023,city,5655,5163.29903,13,95,0,0.0168,109523,False,False
202043,2020-10-18,192,RO,Ariquemes,1100023,city,5642,5151.42938,0,95,0,0.0168,109523,False,True
202042,2020-10-17,191,RO,Ariquemes,1100023,city,5642,5151.42938,18,95,0,0.0168,109523,False,False
202042,2020-10-16,190,RO,Ariquemes,1100023,city,5624,5134.99448,0,95,0,0.0169,109523,False,True
202042,2020-10-15,189,RO,Ariquemes,1100023,city,5624,5134.99448,4,95,0,0.0169,109523,False,False
202042,2020-10-14,188,RO,Ariquemes,1100023,city,5620,5131.34228,40,95,1,0.0169,109523,False,False
202042,2020-10-13,187,RO,Ariquemes,1100023,city,5580,5094.82027,0,94,0,0.0168,109523,False,True
202042,2020-10-12,186,RO,Ariquemes,1100023,city,5580,5094.82027,6,94,0,0.0168,109523,False,False
202042,2020-10-11,185,RO,Ariquemes,1100023,city,5574,5089.34196,13,94,0,0.0169,109523,False,False
202041,2020-10-10,184,RO,Ariquemes,1100023,city,5561,5077.47231,13,94,0,0.0169,109523,False,False
202041,2020-10-09,183,RO,Ariquemes,1100023,city,5548,5065.60266,6,94,1,0.0169,109523,False,False
202041,2020-10-08,182,RO,Ariquemes,1100023,city,5542,5060.12436,20,93,0,0.0168,109523,False,False
202041,2020-10-07,181,RO,Ariquemes,1100023,city,5522,5041.86335,-14,93,0,0.0168,109523,False,False
202041,2020-10-06,180,RO,Ariquemes,1100023,city,5536,5054.64606,11,93,0,0.0168,109523,False,False
202041,2020-10-05,179,RO,Ariquemes,1100023,city,5525,5044.6025,1,93,0,0.0168,109523,False,False
202041,2020-10-04,178,RO,Ariquemes,1100023,city,5524,5043.68945,5,93,0,0.0168,109523,False,False
202040,2020-10-03,177,RO,Ariquemes,1100023,city,5519,5039.1242,13,93,0,0.0169,109523,False,False
202040,2020-10-02,176,RO,Ariquemes,1100023,city,5506,5027.25455,-3,93,0,0.0169,109523,False,False
202040,2020-10-01,175,RO,Ariquemes,1100023,city,5509,5029.9937,16,93,3,0.0169,109523,False,False
202040,2020-09-30,174,RO,Ariquemes,1100023,city,5493,5015.3849,42,90,0,0.0164,109523,False,False
202040,2020-09-29,173,RO,Ariquemes,1100023,city,5451,4977.03679,11,90,1,0.0165,109523,False,False
202040,2020-09-28,172,RO,Ariquemes,1100023,city,5440,4966.99323,10,89,1,0.0164,109523,False,False
202040,2020-09-27,171,RO,Ariquemes,1100023,city,5430,4957.86273,67,88,0,0.0162,109523,False,False
202039,2020-09-26,170,RO,Ariquemes,1100023,city,5363,4896.68837,21,88,0,0.0164,109523,False,False
202039,2020-09-25,169,RO,Ariquemes,1100023,city,5342,4877.51431,38,88,0,0.0165,109523,False,False
202039,2020-09-24,168,RO,Ariquemes,1100023,city,5304,4842.8184,14,88,0,0.0166,109523,False,False
202039,2020-09-23,167,RO,Ariquemes,1100023,city,5290,4830.0357,54,88,1,0.0166,109523,False,False
202039,2020-09-22,166,RO,Ariquemes,1100023,city,5236,4780.73099,19,87,0,0.0166,109523,False,False
202039,2020-09-21,165,RO,Ariquemes,1100023,city,5217,4763.38303,36,87,1,0.0167,109523,False,False
202039,2020-09-20,164,RO,Ariquemes,1100023,city,5181,4730.51323,33,86,0,0.0166,109523,False,False
202038,2020-09-19,163,RO,Ariquemes,1100023,city,5148,4700.38257,14,86,0,0.0167,109523,False,False
202038,2020-09-18,162,RO,Ariquemes,1100023,city,5134,4687.59986,25,86,1,0.0168,109523,False,False
202038,2020-09-17,161,RO,Ariquemes,1100023,city,5109,4664.77361,9,85,1,0.0166,109523,False,False
202038,2020-09-16,160,RO,Ariquemes,1100023,city,5100,4656.55616,56,84,0,0.0165,109523,False,False
202038,2020-09-15,159,RO,Ariquemes,1100023,city,5044,4605.42534,44,84,0,0.0167,109523,False,False
202038,2020-09-14,158,RO,Ariquemes,1100023,city,5000,4565.25113,13,84,0,0.0168,109523,False,False
202038,2020-09-13,157,RO,Ariquemes,1100023,city,4987,4553.38148,23,84,2,0.0168,109523,False,False
202037,2020-09-12,156,RO,Ariquemes,1100023,city,4964,4532.38133,27,82,1,0.0165,109523,False,False
202037,2020-09-11,155,RO,Ariquemes,1100023,city,4937,4507.72897,21,81,0,0.0164,109523,False,False
202037,2020-09-10,154,RO,Ariquemes,1100023,city,4916,4488.55492,48,81,0,0.0165,109523,False,False
202037,2020-09-09,153,RO,Ariquemes,1100023,city,4868,4444.7285,27,81,0,0.0166,109523,False,False
202037,2020-09-08,152,RO,Ariquemes,1100023,city,4841,4420.07615,12,81,0,0.0167,109523,False,False
202037,2020-09-07,151,RO,Ariquemes,1100023,city,4829,4409.11955,48,81,1,0.0168,109523,False,False
202037,2020-09-06,150,RO,Ariquemes,1100023,city,4781,4365.29313,2,80,0,0.0167,109523,False,False
202036,2020-09-05,149,RO,Ariquemes,1100023,city,4779,4363.46703,60,80,1,0.0167,109523,False,False
202036,2020-09-04,148,RO,Ariquemes,1100023,city,4719,4308.68402,77,79,0,0.0167,109523,False,False
202036,2020-09-03,147,RO,Ariquemes,1100023,city,4642,4238.37915,4,79,1,0.017,109523,False,False
202036,2020-09-02,146,RO,Ariquemes,1100023,city,4638,4234.72695,98,78,0,0.0168,109523,False,False
202036,2020-09-01,145,RO,Ariquemes,1100023,city,4540,4145.24803,57,78,2,0.0172,109523,False,False
202036,2020-08-31,144,RO,Ariquemes,1100023,city,4483,4093.20417,15,76,1,0.017,109523,False,False
202036,2020-08-30,143,RO,Ariquemes,1100023,city,4468,4079.50841,39,75,0,0.0168,109523,False,False
202035,2020-08-29,142,RO,Ariquemes,1100023,city,4429,4043.89945,67,75,2,0.0169,109523,False,False
202035,2020-08-28,141,RO,Ariquemes,1100023,city,4362,3982.72509,37,73,2,0.0167,109523,False,False
202035,2020-08-27,140,RO,Ariquemes,1100023,city,4325,3948.94223,48,71,0,0.0164,109523,False,False
202035,2020-08-26,139,RO,Ariquemes,1100023,city,4277,3905.11582,39,71,2,0.0166,109523,False,False
202035,2020-08-25,138,RO,Ariquemes,1100023,city,4238,3869.50686,93,69,3,0.0163,109523,False,False
202035,2020-08-24,137,RO,Ariquemes,1100023,city,4145,3784.59319,-62,66,0,0.0159,109523,False,False
202035,2020-08-23,136,RO,Ariquemes,1100023,city,4207,3841.2023,106,66,2,0.0157,109523,False,False
202034,2020-08-22,135,RO,Ariquemes,1100023,city,4101,3744.41898,77,64,1,0.0156,109523,False,False
202034,2020-08-21,134,RO,Ariquemes,1100023,city,4024,3674.11411,53,63,0,0.0157,109523,False,False
202034,2020-08-20,133,RO,Ariquemes,1100023,city,3971,3625.72245,143,63,2,0.0159,109523,False,False
202034,2020-08-19,132,RO,Ariquemes,1100023,city,3828,3495.15627,0,61,0,0.0159,109523,False,True
202034,2020-08-18,131,RO,Ariquemes,1100023,city,3828,3495.15627,42,61,0,0.0159,109523,False,False
202034,2020-08-17,130,RO,Ariquemes,1100023,city,3786,3456.80816,58,61,1,0.0161,109523,False,False
202034,2020-08-16,129,RO,Ariquemes,1100023,city,3728,3403.85125,21,60,0,0.0161,109523,False,False
202033,2020-08-15,128,RO,Ariquemes,1100023,city,3707,3384.67719,81,60,2,0.0162,109523,False,False
202033,2020-08-14,127,RO,Ariquemes,1100023,city,3626,3310.72012,118,58,1,0.016,109523,False,False
202033,2020-08-13,126,RO,Ariquemes,1100023,city,3508,3202.9802,162,57,1,0.0162,109523,False,False
202033,2020-08-12,125,RO,Ariquemes,1100023,city,3346,3055.06606,53,56,4,0.0167,109523,False,False
202033,2020-08-11,124,RO,Ariquemes,1100023,city,3293,3006.6744,29,52,1,0.0158,109523,False,False
202033,2020-08-10,123,RO,Ariquemes,1100023,city,3264,2980.19594,45,51,0,0.0156,109523,False,False
202033,2020-08-09,122,RO,Ariquemes,1100023,city,3219,2939.10868,25,51,2,0.0158,109523,False,False
202032,2020-08-08,121,RO,Ariquemes,1100023,city,3194,2916.28242,24,49,0,0.0153,109523,False,False
202032,2020-08-07,120,RO,Ariquemes,1100023,city,3170,2894.36922,106,49,1,0.0155,109523,False,False
202032,2020-08-06,119,RO,Ariquemes,1100023,city,3064,2797.5859,97,48,3,0.0157,109523,False,False
202032,2020-08-05,118,RO,Ariquemes,1100023,city,2967,2709.02002,141,45,3,0.0152,109523,False,False
202032,2020-08-04,117,RO,Ariquemes,1100023,city,2826,2580.27994,68,42,0,0.0149,109523,False,False
202032,2020-08-03,116,RO,Ariquemes,1100023,city,2758,2518.19253,46,42,1,0.0152,109523,False,False
202032,2020-08-02,115,RO,Ariquemes,1100023,city,2712,2476.19222,64,41,0,0.0151,109523,False,False
202031,2020-08-01,114,RO,Ariquemes,1100023,city,2648,2417.757,21,41,0,0.0155,109523,False,False
202031,2020-07-31,113,RO,Ariquemes,1100023,city,2627,2398.58295,65,41,0,0.0156,109523,False,False
202031,2020-07-30,112,RO,Ariquemes,1100023,city,2562,2339.23468,36,41,1,0.016,109523,False,False
202031,2020-07-29,111,RO,Ariquemes,1100023,city,2526,2306.36487,43,40,0,0.0158,109523,False,False
202031,2020-07-28,110,RO,Ariquemes,1100023,city,2483,2267.10371,105,40,1,0.0161,109523,False,False
202031,2020-07-27,109,RO,Ariquemes,1100023,city,2378,2171.23344,5,39,1,0.0164,109523,False,False
202031,2020-07-26,108,RO,Ariquemes,1100023,city,2373,2166.66819,82,38,0,0.016,109523,False,False
202030,2020-07-25,107,RO,Ariquemes,1100023,city,2291,2091.79807,0,38,0,0.0166,109523,False,True
202030,2020-07-24,106,RO,Ariquemes,1100023,city,2291,2091.79807,57,38,1,0.0166,109523,False,False
202030,2020-07-23,105,RO,Ariquemes,1100023,city,2234,2039.75421,18,37,2,0.0166,109523,False,False
202030,2020-07-22,104,RO,Ariquemes,1100023,city,2216,2023.3193,169,35,0,0.0158,109523,False,False
202030,2020-07-21,103,RO,Ariquemes,1100023,city,2047,1869.01381,157,35,2,0.0171,109523,False,False
202030,2020-07-20,102,RO,Ariquemes,1100023,city,1890,1725.66493,73,33,1,0.0175,109523,False,False
202030,2020-07-19,101,RO,Ariquemes,1100023,city,1817,1659.01226,0,32,0,0.0176,109523,False,True
202029,2020-07-18,100,RO,Ariquemes,1100023,city,1817,1659.01226,0,32,0,0.0176,109523,False,True
202029,2020-07-17,99,RO,Ariquemes,1100023,city,1817,1659.01226,0,32,1,0.0176,109523,False,False
202029,2020-07-16,98,RO,Ariquemes,1100023,city,1817,1659.01226,17,31,0,0.0171,109523,False,False
202029,2020-07-15,97,RO,Ariquemes,1100023,city,1800,1643.49041,52,31,1,0.0172,109523,False,False
202029,2020-07-14,96,RO,Ariquemes,1100023,city,1748,1596.0118,17,30,1,0.0172,109523,False,False
202029,2020-07-13,95,RO,Ariquemes,1100023,city,1731,1580.48994,29,29,2,0.0168,109523,False,False
202029,2020-07-12,94,RO,Ariquemes,1100023,city,1702,1554.01149,80,27,2,0.0159,109523,False,False
202028,2020-07-11,93,RO,Ariquemes,1100023,city,1622,1480.96747,32,25,1,0.0154,109523,False,False
202028,2020-07-10,92,RO,Ariquemes,1100023,city,1590,1451.74986,23,24,1,0.0151,109523,False,False
202028,2020-07-09,91,RO,Ariquemes,1100023,city,1567,1430.74971,5,23,0,0.0147,109523,False,False
202028,2020-07-08,90,RO,Ariquemes,1100023,city,1562,1426.18445,32,23,0,0.0147,109523,False,False
202028,2020-07-07,89,RO,Ariquemes,1100023,city,1530,1396.96685,16,23,0,0.015,109523,False,False
202028,2020-07-06,88,RO,Ariquemes,1100023,city,1514,1382.35804,3,23,1,0.0152,109523,False,False
202028,2020-07-05,87,RO,Ariquemes,1100023,city,1511,1379.61889,47,22,0,0.0146,109523,False,False
202027,2020-07-04,86,RO,Ariquemes,1100023,city,1464,1336.70553,0,22,0,0.015,109523,False,True
202027,2020-07-03,85,RO,Ariquemes,1100023,city,1464,1336.70553,74,22,0,0.015,109523,False,False
202027,2020-07-02,84,RO,Ariquemes,1100023,city,1390,1269.13982,34,22,0,0.0158,109523,False,False
202027,2020-07-01,83,RO,Ariquemes,1100023,city,1356,1238.09611,40,22,1,0.0162,109523,False,False
202027,2020-06-30,82,RO,Ariquemes,1100023,city,1316,1201.5741,80,21,1,0.016,109523,False,False
202027,2020-06-29,81,RO,Ariquemes,1100023,city,1236,1128.53008,41,20,0,0.0162,109523,False,False
202027,2020-06-28,80,RO,Ariquemes,1100023,city,1195,1091.09502,4,20,0,0.0167,109523,False,False
202026,2020-06-27,79,RO,Ariquemes,1100023,city,1191,1087.44282,4,20,0,0.0168,109523,False,False
202026,2020-06-26,78,RO,Ariquemes,1100023,city,1187,1083.79062,72,20,0,0.0168,109523,False,False
202026,2020-06-25,77,RO,Ariquemes,1100023,city,1115,1018.051,20,20,0,0.0179,109523,False,False
202026,2020-06-24,76,RO,Ariquemes,1100023,city,1095,999.79,94,20,1,0.0183,109523,False,False
202026,2020-06-23,75,RO,Ariquemes,1100023,city,1001,913.96328,18,19,0,0.019,109523,False,False
202026,2020-06-22,74,RO,Ariquemes,1100023,city,983,897.52837,65,19,0,0.0193,109523,False,False
202026,2020-06-21,73,RO,Ariquemes,1100023,city,918,838.18011,11,19,2,0.0207,109523,False,False
202025,2020-06-20,72,RO,Ariquemes,1100023,city,907,828.13656,34,17,0,0.0187,109523,False,False
202025,2020-06-19,71,RO,Ariquemes,1100023,city,873,797.09285,56,17,3,0.0195,109523,False,False
202025,2020-06-18,70,RO,Ariquemes,1100023,city,817,745.96204,0,14,1,0.0171,109523,False,False
202025,2020-06-17,69,RO,Ariquemes,1100023,city,817,745.96204,4,13,1,0.0159,109523,False,False
202025,2020-06-16,68,RO,Ariquemes,1100023,city,813,742.30983,64,12,1,0.0148,109523,False,False
202025,2020-06-15,67,RO,Ariquemes,1100023,city,749,683.87462,19,11,1,0.0147,109523,False,False
202025,2020-06-14,66,RO,Ariquemes,1100023,city,730,666.52667,47,10,1,0.0137,109523,False,False
202024,2020-06-13,65,RO,Ariquemes,1100023,city,683,623.6133,9,9,1,0.0132,109523,False,False
202024,2020-06-12,64,RO,Ariquemes,1100023,city,674,615.39585,5,8,0,0.0119,109523,False,False
202024,2020-06-11,63,RO,Ariquemes,1100023,city,669,610.8306,49,8,1,0.012,109523,False,False
202024,2020-06-10,62,RO,Ariquemes,1100023,city,620,566.09114,52,7,2,0.0113,109523,False,False
202024,2020-06-09,61,RO,Ariquemes,1100023,city,568,518.61253,0,5,0,0.0088,109523,False,True
202024,2020-06-08,60,RO,Ariquemes,1100023,city,568,518.61253,18,5,0,0.0088,109523,False,False
202024,2020-06-07,59,RO,Ariquemes,1100023,city,550,502.17762,32,5,0,0.0091,109523,False,False
202023,2020-06-06,58,RO,Ariquemes,1100023,city,518,472.96002,33,5,0,0.0097,109523,False,False
202023,2020-06-05,57,RO,Ariquemes,1100023,city,485,442.82936,19,5,0,0.0103,109523,False,False
202023,2020-06-04,56,RO,Ariquemes,1100023,city,466,425.48141,40,5,0,0.0107,109523,False,False
202023,2020-06-03,55,RO,Ariquemes,1100023,city,426,388.9594,35,5,0,0.0117,109523,False,False
202023,2020-06-02,54,RO,Ariquemes,1100023,city,391,357.00264,30,5,0,0.0128,109523,False,False
202023,2020-06-01,53,RO,Ariquemes,1100023,city,361,329.61113,0,5,0,0.0139,109523,False,True
202023,2020-05-31,52,RO,Ariquemes,1100023,city,361,329.61113,29,5,1,0.0139,109523,False,False
202022,2020-05-30,51,RO,Ariquemes,1100023,city,332,303.13268,12,4,0,0.012,109523,False,False
202022,2020-05-29,50,RO,Ariquemes,1100023,city,320,292.17607,3,4,0,0.0125,109523,False,False
202022,2020-05-28,49,RO,Ariquemes,1100023,city,317,289.43692,34,4,0,0.0126,109523,False,False
202022,2020-05-27,48,RO,Ariquemes,1100023,city,283,258.39321,27,4,0,0.0141,109523,False,False
202022,2020-05-26,47,RO,Ariquemes,1100023,city,256,233.74086,15,4,1,0.0156,109523,False,False
202022,2020-05-25,46,RO,Ariquemes,1100023,city,241,220.0451,7,3,0,0.0124,109523,False,False
202022,2020-05-24,45,RO,Ariquemes,1100023,city,234,213.65375,4,3,0,0.0128,109523,False,False
202021,2020-05-23,44,RO,Ariquemes,1100023,city,230,210.00155,11,3,0,0.013,109523,False,False
202021,2020-05-22,43,RO,Ariquemes,1100023,city,219,199.958,28,3,1,0.0137,109523,False,False
202021,2020-05-21,42,RO,Ariquemes,1100023,city,191,174.39259,0,2,0,0.0105,109523,False,True
202021,2020-05-20,41,RO,Ariquemes,1100023,city,191,174.39259,20,2,0,0.0105,109523,False,False
202021,2020-05-19,40,RO,Ariquemes,1100023,city,171,156.13159,9,2,1,0.0117,109523,False,False
202021,2020-05-18,39,RO,Ariquemes,1100023,city,162,147.91414,10,1,0,0.0062,109523,False,False
202021,2020-05-17,38,RO,Ariquemes,1100023,city,152,138.78363,3,1,1,0.0066,109523,False,False
202020,2020-05-16,37,RO,Ariquemes,1100023,city,149,136.04448,5,0,0,0.0,109523,False,False
202020,2020-05-15,36,RO,Ariquemes,1100023,city,144,131.47923,8,0,0,0.0,109523,False,False
202020,2020-05-14,35,RO,Ariquemes,1100023,city,136,124.17483,6,0,0,0.0,109523,False,False
202020,2020-05-13,34,RO,Ariquemes,1100023,city,130,118.69653,3,0,0,0.0,109523,False,False
202020,2020-05-12,33,RO,Ariquemes,1100023,city,127,115.95738,3,0,0,0.0,109523,False,False
202020,2020-05-11,32,RO,Ariquemes,1100023,city,124,113.21823,1,0,0,0.0,109523,False,False
202020,2020-05-10,31,RO,Ariquemes,1100023,city,123,112.30518,2,0,0,0.0,109523,False,False
202019,2020-05-09,30,RO,Ariquemes,1100023,city,121,110.47908,1,0,0,0.0,109523,False,False
202019,2020-05-08,29,RO,Ariquemes,1100023,city,120,109.56603,1,0,0,0.0,109523,False,False
202019,2020-05-07,28,RO,Ariquemes,1100023,city,119,108.65298,24,0,0,0.0,109523,False,False
202019,2020-05-06,27,RO,Ariquemes,1100023,city,95,86.73977,7,0,0,0.0,109523,False,False
202019,2020-05-05,26,RO,Ariquemes,1100023,city,88,80.34842,-1,0,0,0.0,109523,False,False
202019,2020-05-04,25,RO,Ariquemes,1100023,city,89,81.26147,0,0,0,0.0,109523,False,False
202019,2020-05-03,24,RO,Ariquemes,1100023,city,89,81.26147,5,0,0,0.0,109523,False,False
202018,2020-05-02,23,RO,Ariquemes,1100023,city,84,76.69622,7,0,0,0.0,109523,False,False
202018,2020-05-01,22,RO,Ariquemes,1100023,city,77,70.30487,8,0,0,0.0,109523,False,False
202018,2020-04-30,21,RO,Ariquemes,1100023,city,69,63.00047,5,0,0,0.0,109523,False,False
202018,2020-04-29,20,RO,Ariquemes,1100023,city,64,58.43521,2,0,0,0.0,109523,False,False
202018,2020-04-28,19,RO,Ariquemes,1100023,city,62,56.60911,0,0,0,0.0,109523,False,False
202018,2020-04-27,18,RO,Ariquemes,1100023,city,62,56.60911,2,0,0,0.0,109523,False,False
202018,2020-04-26,17,RO,Ariquemes,1100023,city,60,54.78301,11,0,0,0.0,109523,False,False
202017,2020-04-25,16,RO,Ariquemes,1100023,city,49,44.73946,1,0,0,0.0,109523,False,False
202017,2020-04-24,15,RO,Ariquemes,1100023,city,48,43.82641,1,0,0,0.0,109523,False,False
202017,2020-04-23,14,RO,Ariquemes,1100023,city,47,42.91336,8,0,0,0.0,109523,False,False
202017,2020-04-22,13,RO,Ariquemes,1100023,city,39,35.60896,0,0,0,0.0,109523,False,True
202017,2020-04-21,12,RO,Ariquemes,1100023,city,39,35.60896,-5,0,0,0.0,109523,False,False
202017,2020-04-20,11,RO,Ariquemes,1100023,city,44,40.17421,14,0,0,0.0,109523,False,False
202017,2020-04-19,10,RO,Ariquemes,1100023,city,30,27.39151,9,0,0,0.0,109523,False,False
202016,2020-04-18,9,RO,Ariquemes,1100023,city,21,19.17405,0,0,0,0.0,109523,False,False
202016,2020-04-17,8,RO,Ariquemes,1100023,city,21,19.17405,5,0,0,0.0,109523,False,False
202016,2020-04-16,7,RO,Ariquemes,1100023,city,16,14.6088,9,0,0,0.0,109523,False,False
202016,2020-04-15,6,RO,Ariquemes,1100023,city,7,6.39135,0,0,0,0.0,109523,False,False
202016,2020-04-14,5,RO,Ariquemes,1100023,city,7,6.39135,0,0,0,0.0,109523,False,False
202016,2020-04-13,4,RO,Ariquemes,1100023,city,7,6.39135,0,0,0,0.0,109523,False,True
202016,2020-04-12,3,RO,Ariquemes,1100023,city,7,6.39135,5,0,0,0.0,109523,False,False
202015,2020-04-11,2,RO,Ariquemes,1100023,city,2,1.8261,0,0,0,0.0,109523,False,False
202015,2020-04-10,1,RO,Ariquemes,1100023,city,2,1.8261,2,0,0,0.0,109523,False,False
